{"Brown": [0.040419829737698976, 0.01407547703306311, -0.08619420876018216], "Yellow": [-0.006573075862505551, -0.0031490685294237597, -0.004304042981626954], "Green": [-0.04354955989988629, -0.011474946830555721, 0.048533726462147375], "Cyan": [-0.03694658485613145, -0.013822752140926431, 0.06314633491994903], "Blue": [-0.023788351646170547, 0.0012605070580411493, 0.10094459219926682], "Magenta": [-0.05123332510789691, 0.006019851378960661, 0.050326944646368055], "Red": [-0.022823638793957768, 0.01415974578463186, -0.020173235681439694], "BW": [0.1444947091339257, -0.007068815796421601, -0.1522801089440813]}