{"Brown": [0.017984609078523173, 0.0015165739906715103, -0.04367725848584092], "Yellow": [0.034870264069380985, -0.006649776844075639, -0.026236185612576235], "Green": [-0.12078181762187667, -0.05001190866369365, 0.03156119137629865], "Cyan": [-0.08889928969362004, 0.02690598942842337, 0.11169348778170529], "Blue": [-0.024395997848303264, 0.054943479595635836, -0.005980422004789321], "Magenta": [-0.017303706924606033, -0.002440988942282507, 0.06694976906431838], "Red": [0.037978829442196105, 0.016964430739756287, 0.053353085294133074], "BW": [-0.11506560425059864, 0.09038052075495884, 0.08975356358010311]}