{
    "Brown": [-1.773535330622633, -1.487781035371178, 0.29721042419366145],
    "Yellow": [-1.7573381424240868, -1.5004858428216845, 0.308357546267301],
    "Green": [-1.905742454810478, -1.5437044442636962, 0.3695739866220075],
    "Cyan": [-1.8887726959053792, -1.4596576202871352, 0.4496987831943818],
    "Blue": [-1.8247367898770979, -1.4403910507289066, 0.33356552721249494],
    "Magenta": [-1.8135159754798302, -1.5018124563702444, 0.3931911108472069],
    "Red": [-1.759324452870678, -1.4755446955848097, 0.384914500488542],
    "BW": [-1.9168123241573014, -1.4073093922693583, 0.41652092945819336]
}
