{
    "#6200eb": {
        "vector": [0.38489424, 0, 0.92296068],
        "rgb": [98.14803177, 0, 235.35497415]
    },
    "#7b09df": {
        "vector": [0.48212981, 0.03383367, 0.87544624],
        "rgb": [122.94310281, 8.62758616, 223.23879194]
    },
    "#be22a7": {
        "vector": [0.74483946, 0.13455164, 0.65353656],
        "rgb": [189.93406236, 34.31066933, 166.65182245]
    },
    "#ef3b43": {
        "vector": [0.93621918, 0.23173742, 0.26418066],
        "rgb": [238.73589017, 59.09304212, 67.36606802]
    },
    "#f64406": {
        "vector": [0.96339524, 0.2669147, 0.02502325],
        "rgb": [245.66578523, 68.06324785, 6.38092949]
    },
    "#f15308": {
        "vector": [0.944553, 0.32680737, 0.03188365],
        "rgb": [240.86101598, 83.33587895, 8.13032965]
    },
    "#ce902a": {
        "vector": [0.80840616, 0.56522707, 0.16431019],
        "rgb": [206.14357062, 144.13290303, 41.89909972]
    },
    "#b4ab3b": {
        "vector": [0.70455326, 0.67126728, 0.23022803],
        "rgb": [179.66108095, 171.17315587, 58.7081485]
    },
    "#b1ac42": {
        "vector": [0.69315939, 0.67310932, 0.25778655],
        "rgb": [176.75564368, 171.64287713, 65.73556996]
    },
    "#a7a95c": {
        "vector": [0.65429029, 0.66415396, 0.361668],
        "rgb": [166.84402298, 169.35925951, 92.22533934]
    },
    "#8fa08b": {
        "vector": [0.55903984, 0.62644181, 0.54318056],
        "rgb": [142.55515965, 159.74266117, 138.51104165]
    },
    "#6c8bb8": {
        "vector": [0.42431545, 0.5461933, 0.72223907],
        "rgb": [108.2004409, 139.27929095, 184.17096324]
    },
    "#5a80ca": {
        "vector": [0.35108497, 0.50088122, 0.79111146],
        "rgb": [89.526667, 127.72471159, 201.73342298]
    }
}
