{
    "#6200eb": {
        "rgb": [98.14803177, 0, 235.35497415],
        "512d": [],
        "3d": {
            "umap": [0.38489424, 0, 0.92296068],
            "pca": []
        }
    },
    "#ef3b43": {
        "rgb": [238.73589017, 59.09304212, 67.36606802],
        "512d": [],
        "3d": {
            "umap": [0.93621918, 0.23173742, 0.26418066],
            "pca": []
        }
    },
    "#f15308": {
        "rgb": [240.86101598, 83.33587895, 8.13032965],
        "512d": [],
        "3d": {
            "umap": [0.944553, 0.32680737, 0.03188365],
            "pca": []
        }
    },
    "#b4ab3b": {
        "rgb": [179.66108095, 171.17315587, 58.7081485],
        "512d": [],
        "3d": {
            "umap": [0.70455326, 0.67126728, 0.23022803],
            "pca": []
        }
    },
    "#8fa08b": {
        "rgb": [142.55515965, 159.74266117, 138.51104165],
        "512d": [],
        "3d": {
            "umap": [0.55903984, 0.62644181, 0.54318056],
            "pca": []
        }
    }
}
